1	26	3	2020	3581	26.03.2020	26.	mars
1	27	3	2020	3845	27.03.2020	27.	mars
1	27	3	2020	3845	27.03.2020	27.	mars
1	27	3	2020	3845	27.03.2020	27.	mars
1	27	3	2020	3845	27.03.2020	27.	mars
1	27	3	2020	3845	27.03.2020	27.	mars
1	27	3	2020	3845	27.03.2020	27.	mars
1	27	3	2020	3845	27.03.2020	27.	mars
1	27	3	2020	3845	27.03.2020	27.	mars
1	27	3	2020	3845	27.03.2020	27.	mars
1	27	3	2020	3845	27.03.2020	27.	mars
1	27	3	2020	3845	27.03.2020	27.	mars
1	27	3	2020	3845	27.03.2020	27.	mars
1	27	3	2020	3845	27.03.2020	27.	mars
1	27	3	2020	3845	27.03.2020	27.	mars
1	27	3	2020	3845	27.03.2020	27.	mars
1	27	3	2020	3845	27.03.2020	27.	mars
1	27	3	2020	3845	27.03.2020	27.	mars
1	28	3	2020	4102	28.03.2020	28.	mars
1	28	3	2020	4102	28.03.2020	28.	mars
1	28	3	2020	4102	28.03.2020	28.	mars
1	28	3	2020	4102	28.03.2020	28.	mars
1	28	3	2020	4102	28.03.2020	28.	mars
1	28	3	2020	4102	28.03.2020	28.	mars
1	28	3	2020	4102	28.03.2020	28.	mars
1	28	3	2020	4102	28.03.2020	28.	mars
1	28	3	2020	4102	28.03.2020	28.	mars
1	28	3	2020	4102	28.03.2020	28.	mars
1	28	3	2020	4102	28.03.2020	28.	mars
1	28	3	2020	4102	28.03.2020	28.	mars
1	28	3	2020	4102	28.03.2020	28.	mars
