1	27	03	2020	303	77	27.03.2020
1	28	03	2020	291	84	28.03.2020
1	29	03	2020	317	91	29.03.2020
1	29	03	2020	317	91	29.03.2020
1	29	03	2020	317	91	29.03.2020
1	29	03	2020	317	91	29.03.2020
1	29	03	2020	317	91	29.03.2020
1	29	03	2020	317	91	29.03.2020
1	29	03	2020	317	91	29.03.2020
1	29	03	2020	317	91	29.03.2020
1	29	03	2020	317	91	29.03.2020
1	29	03	2020	317	91	29.03.2020
1	29	03	2020	317	91	29.03.2020
1	29	03	2020	317	91	29.03.2020
1	29	03	2020	317	91	29.03.2020
1	29	03	2020	317	91	29.03.2020
1	29	03	2020	317	91	29.03.2020
1	29	03	2020	317	91	29.03.2020
1	29	03	2020	317	91	29.03.2020
1	29	03	2020	317	91	29.03.2020
1	29	03	2020	317	91	29.03.2020
1	29	03	2020	317	91	29.03.2020
1	29	03	2020	317	91	29.03.2020
1	29	03	2020	317	91	29.03.2020
1	29	03	2020	317	91	29.03.2020
1	29	03	2020	317	91	29.03.2020
1	29	03	2020	317	91	29.03.2020
1	29	03	2020	317	91	29.03.2020
1	29	03	2020	317	91	29.03.2020
1	30	03	2020	321	97	30.03.2020
1	30	03	2020	321	97	30.03.2020
1	30	03	2020	321	97	30.03.2020
1	30	03	2020	321	97	30.03.2020
1	30	03	2020	321	97	30.03.2020
1	30	03	2020	321	97	30.03.2020
1	30	03	2020	321	97	30.03.2020
1	30	03	2020	321	97	30.03.2020
1	30	03	2020	321	97	30.03.2020
1	30	03	2020	321	97	30.03.2020
1	30	03	2020	321	97	30.03.2020
1	31	03	2020	318	97	31.03.2020
1	31	03	2020	318	97	31.03.2020
1	31	03	2020	318	97	31.03.2020
